"publication_id","experiment_id","treatment_id","nsamp","t1","t2","w1","w2","errorw1","errorw2","igr.mu","igr.sd","fr.mu","fr.sd","prey_type","exp_id","experiment","t","main_prey","Rcomma","Temperature","case"
"alm_06",1,1,30,60,120,13.3,85.6,3.4,11.1,3.1,0.1,NA,NA,"grass shrimp","alm_06_1_1","alm_06_1",90,"medium_shrimp",1,21,2
"alm_06",1,2,30,60,120,12.9,35,2.8,3.9,1.7,0.1,NA,NA,"fish","alm_06_1_2","alm_06_1",90,"fish",1,21,2
"alm_06",2,3,30,120,180,85.6,300.4,11.7,44.9,2.1,0.1,NA,NA,"grass shrimp","alm_06_2_3","alm_06_2",150,"medium_shrimp",NA,21,2
"alm_06",2,4,30,120,180,86.2,155.4,8.6,22.7,1,0.1,NA,NA,"fish","alm_06_2_4","alm_06_2",150,"fish",NA,21,2
"bae_10",1,1,30,0,7,0.102,0.1135922,0.018,0.018932,1.56108554802941,0.1,NA,NA,"caprellids","bae_10_1_1","bae_10_1",3.5,"amphipods",1,20.5,4
"bae_10",1,1,30,7,14,0.1135922,0.1208738,0.018932,0.0247573,0.789773859062245,1.8,NA,NA,"caprellids","bae_10_1_1","bae_10_1",10.5,"amphipods",1,20.5,4
"bae_10",1,1,30,14,21,0.1208738,0.149,0.0247573,0.009,3.25608301424409,0.4,NA,NA,"caprellids","bae_10_1_1","bae_10_1",17.5,"amphipods",1,20.5,4
"bae_10",1,2,30,0,7,0.102,0.15,0.018,0.0247573,5.53653665582287,0.1,NA,NA,"gammarids","bae_10_1_2","bae_10_1",3.5,"amphipods",1,20.5,4
"bae_10",1,2,30,7,14,0.15,0.2009709,0.0247573,0.0451456,4.01925864712796,2,NA,NA,"gammarids","bae_10_1_2","bae_10_1",10.5,"amphipods",1,20.5,4
"bae_10",1,2,30,14,21,0.2009709,0.24,0.0451456,0.043,2.66136744042634,0.1,NA,NA,"gammarids","bae_10_1_2","bae_10_1",17.5,"amphipods",1,20.5,4
"bae_10",1,3,30,0,7,0.102,0.1587379,0.018,0.0291262,6.30083699002775,0.3,NA,NA,"mysids","bae_10_1_3","bae_10_1",3.5,"small_shrimp",1,20.5,4
"bae_10",1,3,30,7,14,0.1587379,0.257767,0.0291262,0.0495146,6.9034416922505,0.9,NA,NA,"mysids","bae_10_1_3","bae_10_1",10.5,"small_shrimp",1,20.5,4
"bae_10",1,3,30,14,21,0.257767,0.412,0.0495146,0.057,6.8229224533574,0.2,NA,NA,"mysids","bae_10_1_3","bae_10_1",17.5,"small_shrimp",1,20.5,4
"cap_20",1,1,24,75,90,29.62963,54.32099,2.46914,14.81482,2.333333,3.9487176,5.507425,0.0618833333333342,"grass_shrimp","cap_20_1_1","cap_20_1",82.5,"medium_shrimp",1,15,1
"cap_20",1,1,24,90,105,54.32099,81.48148,14.81482,22.22222,1.769231,2.8717946,5.32178333333333,0.185641666666666,"grass_shrimp","cap_20_1_1","cap_20_1",97.5,"medium_shrimp",1,15,1
"cap_20",1,1,24,105,120,81.48148,106.1728,22.22222,24.69128,1.25641,2.1025638,1.71720291666667,0.0618816666666664,"grass_shrimp","cap_20_1_1","cap_20_1",112.5,"medium_shrimp",1,15,1
"cap_20",1,1,24,120,135,106.1728,129.6296,24.69128,32.0988,0.8717949,1.3333338,2.61448,0.1237625,"grass_shrimp","cap_20_1_1","cap_20_1",127.5,"medium_shrimp",1,15,1
"cap_20",1,1,24,135,150,129.6296,135.8025,32.0988,29.6296,0.2307692,0.30769232,1.28403458333333,0.0618816666666668,"grass_shrimp","cap_20_1_1","cap_20_1",142.5,"medium_shrimp",1,15,1
"cap_20",1,1,24,150,172,135.8025,154.321,29.6296,39.5062,0.4102564,0.5897436,1.4232675,0.0928216666666668,"grass_shrimp","cap_20_1_1","cap_20_1",161,"medium_shrimp",1,15,1
"cap_20",1,1,24,172,195,154.321,165.4321,39.5062,49.3828,0.2820513,0.51282052,1.299505,0.0309408333333332,"grass_shrimp","cap_20_1_1","cap_20_1",183.5,"medium_shrimp",1,15,1
"cap_20",1,1,24,195,210,165.4321,181.4815,49.3828,54.321,0.4102564,0.5897436,1.40779708333333,0.52599,"grass_shrimp","cap_20_1_1","cap_20_1",202.5,"medium_shrimp",1,15,1
"cap_20",1,1,24,210,225,181.4815,195.0617,54.321,61.7284,0.3333333,0.3589743,1.34591583333333,0.495049166666667,"grass_shrimp","cap_20_1_1","cap_20_1",217.5,"medium_shrimp",1,15,1
"cap_20",1,1,24,225,240,195.0617,203.7037,61.7284,66.6666,0.2564103,0.2051282,1.77908416666667,0.0618808333333334,"grass_shrimp","cap_20_1_1","cap_20_1",232.5,"medium_shrimp",1,15,1
"cap_20",1,2,24,75,90,33.33333,55.55556,4.93826,7.40742,3.564103,0.846154,5.6311875,0.495049999999999,"grass_shrimp","cap_20_1_2","cap_20_1",82.5,"medium_shrimp",1,15,1
"cap_20",1,2,24,90,105,55.55556,83.95062,7.40742,24.69136,2.435897,0.48718,5.44554583333333,0.278466666666667,"grass_shrimp","cap_20_1_2","cap_20_1",97.5,"medium_shrimp",1,15,1
"cap_20",1,2,24,105,120,83.95062,100,24.69136,32.09876,1.282051,0.410257,2.66089125,2.07301916666667,"grass_shrimp","cap_20_1_2","cap_20_1",112.5,"medium_shrimp",1,15,1
"cap_20",1,2,24,120,135,100,120.9877,32.09876,51.85194,1.205128,0.358974,3.32611375,0.402228333333333,"grass_shrimp","cap_20_1_2","cap_20_1",127.5,"medium_shrimp",1,15,1
"cap_20",1,2,24,135,150,120.9877,132.0988,51.85194,59.2594,0.5641026,0.2820513,1.54702958333333,0.3712875,"grass_shrimp","cap_20_1_2","cap_20_1",142.5,"medium_shrimp",1,15,1
"cap_20",1,2,24,150,172,132.0988,146.9136,59.2594,56.7902,0.4871795,0.4102564,1.50061875,0.340346666666667,"grass_shrimp","cap_20_1_2","cap_20_1",161,"medium_shrimp",1,15,1
"cap_20",1,2,24,172,195,146.9136,161.7284,56.7902,66.6666,0.5641026,0.1538461,1.45420791666667,0.6497525,"grass_shrimp","cap_20_1_2","cap_20_1",183.5,"medium_shrimp",1,15,1
"cap_20",1,2,24,195,210,161.7284,172.8395,66.6666,79.0124,0.4871795,0.3333333,1.37685625,0.154703333333333,"grass_shrimp","cap_20_1_2","cap_20_1",202.5,"medium_shrimp",1,15,1
"cap_20",1,2,24,210,225,172.8395,183.9506,79.0124,86.4198,0.4358974,0.4102564,1.54702958333333,0.278465833333334,"grass_shrimp","cap_20_1_2","cap_20_1",217.5,"medium_shrimp",1,15,1
"cap_20",1,3,24,75,90,30.8642,54.32099,2.46914,14.81482,3.512821,0.307693,5.60024583333333,0.123766666666666,"grass_shrimp","cap_20_1_3","cap_20_1",82.5,"medium_shrimp",1,15,1
"cap_20",1,3,24,90,105,54.32099,82.71605,14.81482,27.1605,2.666667,0.307692,5.22895833333333,0.340349999999998,"grass_shrimp","cap_20_1_3","cap_20_1",97.5,"medium_shrimp",1,15,1
"cap_20",1,3,24,105,120,82.71605,108.642,27.1605,34.56796,1.820513,0.358974,1.65532166666667,0.185644166666667,"grass_shrimp","cap_20_1_3","cap_20_1",112.5,"medium_shrimp",1,15,1
"cap_20",1,3,24,120,135,108.642,134.5679,34.56796,46.9136,1.410256,0.333334,2.42883666666667,0.185643333333333,"grass_shrimp","cap_20_1_3","cap_20_1",127.5,"medium_shrimp",1,15,1
"cap_20",1,3,24,135,150,134.5679,143.2099,46.9136,46.9136,0.4615385,0.2564103,1.1757425,0.0928216666666666,"grass_shrimp","cap_20_1_3","cap_20_1",142.5,"medium_shrimp",1,15,1
"cap_20",1,3,24,150,172,143.2099,158.0247,46.9136,61.7284,0.4615385,0.3333333,1.299505,0.0928216666666666,"grass_shrimp","cap_20_1_3","cap_20_1",161,"medium_shrimp",1,15,1
"cap_20",1,3,24,172,195,158.0247,172.8395,61.7284,69.1358,0.5641026,0.1794872,1.20668333333333,0.0928216666666666,"grass_shrimp","cap_20_1_3","cap_20_1",183.5,"medium_shrimp",1,15,1
"cap_20",1,3,24,195,210,172.8395,187.6543,69.1358,79.0124,0.5128205,0.2051282,1.14480208333333,0.309405833333334,"grass_shrimp","cap_20_1_3","cap_20_1",202.5,"medium_shrimp",1,15,1
"cap_20",1,3,24,210,225,187.6543,198.7654,79.0124,93.827,0.3846154,0.2051282,1.34591583333333,0.0928216666666668,"grass_shrimp","cap_20_1_3","cap_20_1",217.5,"medium_shrimp",1,15,1
"cap_20",1,3,24,225,240,198.7654,217.284,93.827,101.2346,0.5128205,0.2820513,2.15037125,0.464109166666667,"grass_shrimp","cap_20_1_3","cap_20_1",232.5,"medium_shrimp",1,15,1
"cla_89",1,10,36,40,54,NA,NA,NA,NA,6.40501044281218,1.10431186085688,NA,NA,"mysids","cla_89_1_10","cla_89_1_",47,"small_shrimp",0.486140724946694,17.5,1
"cla_89",1,11,36,40,54,NA,NA,NA,NA,11.3575716635858,2.76658792285184,NA,NA,"mysids","cla_89_1_11","cla_89_1_",47,"small_shrimp",0.972281449893391,17.5,1
"cla_89",1,12,36,40,54,NA,NA,NA,NA,12.5210780874721,6.12919845393925,NA,NA,"mysids","cla_89_1_12","cla_89_1_",47,"small_shrimp",1.45842217484009,17.5,1
"cla_89",1,2,36,40,54,NA,NA,NA,NA,0.118187852327483,3.30925968859688,NA,NA,"mysids","cla_89_1_2","cla_89_1",47,"small_shrimp",0,12.5,1
"cla_89",1,3,36,40,54,NA,NA,NA,NA,3.35994510589503,3.45327775360071,NA,NA,"mysids","cla_89_1_3","cla_89_1",47,"small_shrimp",0.145842217484009,12.5,1
"cla_89",1,4,36,40,54,NA,NA,NA,NA,7.14328960104931,2.35797946045517,NA,NA,"mysids","cla_89_1_4","cla_89_1",47,"small_shrimp",0.291684434968017,12.5,1
"cla_89",1,5,36,40,54,NA,NA,NA,NA,8.20078663902221,1.84358673078066,NA,NA,"mysids","cla_89_1_5","cla_89_1",47,"small_shrimp",0.486140724946694,12.5,1
"cla_89",1,6,36,40,54,NA,NA,NA,NA,8.88522105778383,6.30370428034107,NA,NA,"mysids","cla_89_1_6","cla_89_1",47,"small_shrimp",0.972281449893391,12.5,1
"cla_89",1,7,36,40,54,NA,NA,NA,NA,6.20786920138783,5.98348826347039,NA,NA,"mysids","cla_89_1_7","cla_89_1",47,"small_shrimp",1.45842217484009,12.5,1
"cla_89",1,8,36,40,54,NA,NA,NA,NA,-3.26684813455938,6.68219071068189,NA,NA,"mysids","cla_89_1_8","cla_89_1",47,"small_shrimp",0.145842217484009,17.5,1
"cla_89",1,9,36,40,54,NA,NA,NA,NA,1.49940473000149,0.963903078812362,NA,NA,"mysids","cla_89_1_9","cla_89_1",47,"small_shrimp",0.291684434968017,17.5,1
"cor_08",1,1,30,20,27,2.449664,3.322148,0.302014,0.268457,4.181416,0.712389,16.65,0.5,"shrimp","cor_08_1_1","cor_08_1",23.5,"medium_shrimp",1,18.5,1
"cor_08",1,1,30,27,34,3.322148,4.060403,0.268457,0.402685,5.327434,0.805309,15.09,1,"shrimp","cor_08_1_1","cor_08_1",30.5,"medium_shrimp",1,18.5,1
"cor_08",1,1,30,34,41,4.060403,4.66443,0.402685,0.436242,4.769912,0.557523,15.45,1.8,"shrimp","cor_08_1_1","cor_08_1",37.5,"medium_shrimp",1,18.5,1
"cor_08",1,1,30,41,48,4.66443,6.006711,0.436242,0.402685,5.265487,1.300885,14.37,6.1,"shrimp","cor_08_1_1","cor_08_1",44.5,"medium_shrimp",1,18.5,1
"cor_08",1,2,30,20,27,2.416107,2.852349,0.268457,0.201342,4.212389,0.681416,11.5,0.2,"starved_shrimp","cor_08_1_2","cor_08_1",23.5,"starved shrimp",1,18.5,1
"cor_08",1,2,30,27,34,2.852349,3.691275,0.201342,0.436241,2.60177,0.743363,10.9,0.4,"starved_shrimp","cor_08_1_2","cor_08_1",30.5,"starved shrimp",1,18.5,1
"cor_08",1,2,30,34,41,3.691275,4.127517,0.436241,0.369127,1.672566,0.89823,8.74,1,"starved_shrimp","cor_08_1_2","cor_08_1",37.5,"starved shrimp",1,18.5,1
"cor_08",1,2,30,41,48,4.127517,5.067114,0.369127,0.973155,2.849558,1.424779,6.22,2,"starved_shrimp","cor_08_1_2","cor_08_1",44.5,"starved shrimp",1,18.5,1
"cor_08b",1,1,90,1,8,0.12,0.21,0.02,0.04,8,0.5,16.6,0.1,"mysids","cor_08b_1_1","cor_08b_1",4.5,"small_shrimp",0.5,18.5,1
"cor_08b",1,1,90,8,15,0.21,0.34,0.04,0.06,6.8,0.5,9.9,0.4,"mysids","cor_08b_1_1","cor_08b_1",11.5,"small_shrimp",0.5,18.5,1
"cor_08b",1,1,90,15,22,0.34,0.47,0.06,0.07,6.1,0.2,13.3,0.4,"mysids","cor_08b_1_1","cor_08b_1",18.5,"small_shrimp",0.5,18.5,1
"cor_08b",1,2,90,1,8,NA,NA,NA,NA,10,0.2,18.7,0.2,"mysids","cor_08b_1_2","cor_08b_1",4.5,"small_shrimp",1,18.5,1
"cor_08b",1,2,90,8,15,NA,NA,NA,NA,6.6,0.4,11.2,0.3,"mysids","cor_08b_1_2","cor_08b_1",11.5,"small_shrimp",1,18.5,1
"cor_08b",1,2,90,15,22,NA,NA,NA,NA,6.5,0.4,14.6,1.2,"mysids","cor_08b_1_2","cor_08b_1",18.5,"small_shrimp",1,18.5,1
"cor_08b",2,1,60,22,29,NA,NA,NA,NA,5.2,0.8,10.4,0.6,"grass shrimp","cor_08b_2_1","cor_08b_2",25.5,"medium_shrimp",0.428571428571429,18.5,1
"cor_08b",2,1,60,29,36,NA,NA,NA,NA,5.5,0.5,14.1,0.5,"grass shrimp","cor_08b_2_1","cor_08b_2",32.5,"medium_shrimp",0.428571428571429,18.5,1
"cor_08b",2,1,60,36,43,NA,NA,NA,NA,4.6,0.5,9.9,0.1,"grass shrimp","cor_08b_2_1","cor_08b_2",39.5,"medium_shrimp",0.428571428571429,18.5,1
"cor_08b",2,2,60,22,29,NA,NA,NA,NA,10,0.3,14.2,0.7,"grass shrimp","cor_08b_2_2","cor_08b_2",25.5,"medium_shrimp",0.857142857142857,18.5,1
"cor_08b",2,2,60,29,36,NA,NA,NA,NA,5.5,0.5,14,0.8,"grass shrimp","cor_08b_2_2","cor_08b_2",32.5,"medium_shrimp",0.857142857142857,18.5,1
"cor_08b",2,2,60,36,43,NA,NA,NA,NA,5.1,0.7,10.6,0.8,"grass shrimp","cor_08b_2_2","cor_08b_2",39.5,"medium_shrimp",0.857142857142857,18.5,1
"dom_01a",1,1,20,0,10,NA,NA,NA,NA,11.8,4.1,33.7,13.5,"mysids","dom_01a_1_1","dom_01a_1",5,"medium_shrimp",1,27,1
"dom_01a",1,1,17,10,20,NA,NA,NA,NA,9.8,1.8,22,7.9,"grass_shrimp","dom_01a_1_1","dom_01a_1",15,"medium_shrimp",1,27,1
"dom_01a",1,1,10,20,30,NA,NA,NA,NA,8.1,2.2,17.3,3.9,"grass_shrimp","dom_01a_1_1","dom_01a_1",25,"medium_shrimp",1,27,1
"dom_01a",1,1,5,30,40,NA,NA,NA,NA,7.3,0.7,16.7,1,"grass_shrimp","dom_01a_1_1","dom_01a_1",35,"medium_shrimp",1,27,1
"dom_01b",1,2,30,0,10,0.22,0.47,0.05,0.12,7.59,1.1,NA,NA,"mysids","dom_01b_1_2","dom_01b_1",5,"medium_shrimp",1,27,2
"dom_01b",1,2,30,10,20,NA,1.47,NA,0.12,11.4,1.58171632724406,NA,NA,"mysids","dom_01b_1_2","dom_01b_1",15,"medium_shrimp",1,27,3
"dom_01b",1,2,30,20,30,NA,NA,NA,NA,11.77,1.36016145721987,NA,NA,"grass_shrimp","dom_01b_1_2","dom_01b_1",25,"medium_shrimp",1,27,3
"dom_01b",1,2,30,30,40,NA,11.94103,37.14987,4.4226,9.28,1.45927324523254,NA,NA,"grass_shrimp","dom_01b_1_2","dom_01b_1",35,"medium_shrimp",1,27,3
"dom_01b",1,2,30,40,50,11.94103,23.4398,4.4226,7.51843,6.64,0.3,NA,NA,"grass_shrimp","dom_01b_1_2","dom_01b_1",45,"medium_shrimp",1,27,2
"dom_01b",1,2,30,50,60,23.4398,42.01474,7.51843,12.38329,5.9,0.3,NA,NA,"grass_shrimp","dom_01b_1_2","dom_01b_1",55,"medium_shrimp",1,27,2
"dom_01b",1,2,30,60,70,42.01474,53.95577,12.38329,14.59459,2.55,0.1,13.99,NA,"grass_shrimp","dom_01b_1_2","dom_01b_1",65,"medium_shrimp",1,27,2
"dom_01b",1,2,30,70,80,53.95577,68.10811,14.59459,22.55528,2.21,1.9,10.29,NA,"crabs","dom_01b_1_2","dom_01b_1",75,"medium_shrimp",1,27,2
"dom_01b",1,2,30,80,90,68.10811,82.26044,22.55528,26.53563,1.83,0.7,4.49,NA,"crabs","dom_01b_1_2","dom_01b_1",85,"medium_shrimp",1,27,2
"dom_01b",1,2,30,90,100,82.26044,98.62408,26.53563,36.26536,1.85,1.7,7.03,NA,"crabs","dom_01b_1_2","dom_01b_1",95,"medium_shrimp",1,27,2
"dom_01b",1,2,30,100,110,98.62408,110.1229,36.26536,45.11053,1.15,1.5,7.23,NA,"crabs","dom_01b_1_2","dom_01b_1",105,"medium_shrimp",1,27,2
"dom_01b",1,2,30,110,120,110.1229,125.1597,45.11053,48.2064,1.31,0.5,NA,NA,"crabs","dom_01b_1_2","dom_01b_1",115,"medium_shrimp",1,27,2
"dom_01b",2,3,20,0,10,0.18,0.28,0.03,0.05,4.42,0.7,NA,NA,"artemia","dom_01b_2_3","dom_01b_2",5,"medium_shrimp",1,27,2
"dom_01b",2,3,20,10,20,NA,NA,NA,NA,12.73,1.23517622211376,NA,NA,"grass_shrimp","dom_01b_2_3","dom_01b_2",15,"medium_shrimp",1,27,3
"dom_01b",2,3,20,20,30,NA,2.774566,NA,1.618497,9.32,0.745271888250887,NA,NA,"grass_shrimp","dom_01b_2_3","dom_01b_2",25,"medium_shrimp",1,27,3
"dom_01b",2,3,20,30,40,2.774566,4.855491,1.618497,1.618497,6.13,0.9,NA,NA,"grass_shrimp","dom_01b_2_3","dom_01b_2",35,"medium_shrimp",1,27,2
"dom_01b",2,3,20,40,50,4.855491,8.092486,1.618497,4.393063,5.38,3.9,NA,NA,"grass_shrimp","dom_01b_2_3","dom_01b_2",45,"medium_shrimp",1,27,2
"dom_01b",2,3,20,50,60,8.092486,13.17919,4.393063,6.705197,4.98,0.1,NA,NA,"grass_shrimp","dom_01b_2_3","dom_01b_2",55,"medium_shrimp",1,27,2
"dom_01b",2,3,20,60,70,13.17919,21.96532,6.705197,9.71098,5.06,0.1,NA,NA,"crabs","dom_01b_2_3","dom_01b_2",65,"medium_shrimp",1,27,2
"dom_01b",2,3,20,70,80,21.96532,33.06358,9.71098,12.94797,4.1,0.3,NA,NA,"crabs","dom_01b_2_3","dom_01b_2",75,"medium_shrimp",1,27,2
"dom_01b",2,3,20,80,90,33.06358,42.54335,12.94797,27.97687,2.5,4.5,NA,NA,"crabs","dom_01b_2_3","dom_01b_2",85,"medium_shrimp",1,27,2
"dom_01b",2,4,20,0,10,0.17,0.52,0.05,0.14,11.18,0.3,NA,NA,"mysids","dom_01b_2_4","dom_01b_2",5,"medium_shrimp",1,27,2
"dom_01b",2,4,20,10,20,NA,NA,NA,NA,9.39,0.903159326865775,NA,NA,"grass_shrimp","dom_01b_2_4","dom_01b_2",15,"medium_shrimp",1,27,3
"dom_01b",2,4,20,20,30,NA,3.468208,27.97687,1.387284,9.53,0.760087183020116,NA,NA,"grass_shrimp","dom_01b_2_4","dom_01b_2",25,"medium_shrimp",1,27,3
"dom_01b",2,4,20,30,40,3.468208,6.011561,1.387284,2.312139,5.58,0.7,NA,NA,"grass_shrimp","dom_01b_2_4","dom_01b_2",35,"medium_shrimp",1,27,2
"dom_01b",2,4,20,40,50,6.011561,14.10405,2.312139,3.69942,8.48,0.5,NA,NA,"grass_shrimp","dom_01b_2_4","dom_01b_2",45,"medium_shrimp",1,27,2
"dom_01b",2,4,20,50,60,14.10405,23.58382,3.69942,8.32369,5.12,2.3,NA,NA,"grass_shrimp","dom_01b_2_4","dom_01b_2",55,"medium_shrimp",1,27,2
"dom_01b",2,4,20,60,70,23.58382,38.84393,8.32369,8.3237,5.06,0.3,NA,NA,"crabs","dom_01b_2_4","dom_01b_2",65,"medium_shrimp",1,27,2
"dom_01b",2,4,20,70,80,38.84393,51.56069,8.3237,7.63006,2.76,0.1,NA,NA,"crabs","dom_01b_2_4","dom_01b_2",75,"medium_shrimp",1,27,2
"dom_01b",2,4,20,80,90,51.56069,64.73988,7.63006,9.94219,2.32,0.5,NA,NA,"crabs","dom_01b_2_4","dom_01b_2",85,"medium_shrimp",1,27,2
"dom_02",1,1,30,0,10,0.22,NA,0.017,NA,7.615385,1.89452900701509,NA,NA,"mysids","dom_02_1_1","dom_02_1",5,"medium_shrimp",1,27,3
"dom_02",1,1,30,10,20,NA,NA,NA,NA,11.40659,1.58269366138005,NA,NA,"mysids","dom_02_1_1","dom_02_1",15,"medium_shrimp",1,27,3
"dom_02",1,1,30,20,30,NA,NA,NA,NA,11.76923,1.36006329136953,NA,NA,"grass_shrimp","dom_02_1_1","dom_02_1",25,"medium_shrimp",1,27,3
"dom_02",1,1,30,30,40,5.171504,13.29815,4.432718,5.1715,9.296703,1.3,NA,NA,"grass_shrimp","dom_02_1_1","dom_02_1",35,"medium_shrimp",1,27,2
"dom_02",1,1,30,40,50,13.29815,24.37995,5.1715,8.12664,6.659341,0.1,NA,NA,"grass_shrimp","dom_02_1_1","dom_02_1",45,"medium_shrimp",1,27,2
"dom_02",1,1,30,50,60,24.37995,43.58839,8.12664,12.55936,5.920398,0.1,NA,NA,"grass_shrimp","dom_02_1_1","dom_02_1",55,"medium_shrimp",1,27,2
"dom_02",1,1,30,60,70,43.58839,54.67018,12.55936,14.77572,2.577114,0.5,NA,NA,"grass_shrimp","dom_02_1_1","dom_02_1",65,"medium_shrimp",1,27,2
"dom_02",1,1,30,70,80,54.67018,67.96834,14.77572,22.90238,2.263682,1.9,NA,NA,"grass_shrimp","dom_02_1_1","dom_02_1",75,"medium_shrimp",1,27,2
"dom_02",1,1,30,80,90,67.96834,82.74406,22.90238,25.11873,1.845771,0.1,NA,NA,"grass_shrimp","dom_02_1_1","dom_02_1",85,"medium_shrimp",1,27,2
"dom_02",1,1,30,90,100,82.74406,98.99736,25.11873,36.9393,1.845771,2.3,NA,NA,"grass_shrimp","dom_02_1_1","dom_02_1",95,"medium_shrimp",1,27,2
"dom_02",1,1,30,100,110,98.99736,110.8179,36.9393,43.58843,1.114428,1.5,NA,NA,"grass_shrimp","dom_02_1_1","dom_02_1",105,"medium_shrimp",1,27,2
"dom_02",1,1,30,110,120,110.8179,124.8549,43.58843,46.5435,1.288557,0.1,NA,NA,"grass_shrimp","dom_02_1_1","dom_02_1",115,"medium_shrimp",1,27,2
"dom_02",2,2,30,0,10,0.074,NA,0.016,NA,12.82418,3.08702838696472,NA,NA,"mysids","dom_02_2_2","dom_02_2",5,"medium_shrimp",1,15,3
"dom_02",2,2,30,10,20,NA,NA,NA,NA,5.472527,0.907472192543012,NA,NA,"mysids","dom_02_2_2","dom_02_2",15,"medium_shrimp",1,15,3
"dom_02",2,2,30,20,30,NA,NA,NA,NA,7.846154,0.941583282594027,NA,NA,"grass_shrimp","dom_02_2_2","dom_02_2",25,"medium_shrimp",1,15,3
"dom_02",2,2,30,30,40,NA,NA,NA,NA,5.43956,1.01812284490025,NA,NA,"grass_shrimp","dom_02_2_2","dom_02_2",35,"medium_shrimp",1,15,3
"dom_02",2,2,30,40,50,NA,NA,NA,NA,5.274725,1.29767127984615,NA,NA,"grass_shrimp","dom_02_2_2","dom_02_2",45,"medium_shrimp",1,15,3
"dom_02",2,2,30,50,60,NA,NA,NA,NA,5.711443,1.18901011749302,NA,NA,"grass_shrimp","dom_02_2_2","dom_02_2",55,"medium_shrimp",1,15,3
"dom_02",2,2,30,60,70,NA,NA,NA,NA,3.865672,0.729293728868703,NA,NA,"grass_shrimp","dom_02_2_2","dom_02_2",65,"medium_shrimp",1,15,3
"dom_02",2,2,30,70,80,NA,NA,NA,NA,2.925373,0.563026081094389,NA,NA,"grass_shrimp","dom_02_2_2","dom_02_2",75,"medium_shrimp",1,15,3
"dom_02",2,2,30,80,90,NA,NA,NA,NA,1.532338,0.571206259411005,NA,NA,"grass_shrimp","dom_02_2_2","dom_02_2",85,"medium_shrimp",1,15,3
"dom_02",2,2,30,90,100,12.55937,16.2533,4.43272,5.91029,2.960199,1.1,NA,NA,"grass_shrimp","dom_02_2_2","dom_02_2",95,"medium_shrimp",1,15,2
"dom_02",2,2,30,100,110,16.2533,19.20844,5.91029,7.38786,1.323383,0.5,NA,NA,"grass_shrimp","dom_02_2_2","dom_02_2",105,"medium_shrimp",1,15,2
"dom_02",2,2,30,110,120,19.20844,23.64116,7.38786,11.08179,2.228856,2.3,NA,NA,"grass_shrimp","dom_02_2_2","dom_02_2",115,"medium_shrimp",1,15,2
"dom_02",2,2,30,120,130,23.64116,29.55145,11.08179,12.55937,2.333333,0.5,NA,NA,"grass_shrimp","dom_02_2_2","dom_02_2",125,"medium_shrimp",1,15,2
"dom_02",2,2,30,130,140,29.55145,38.41689,12.55937,16.2533,2.402985,0.3,NA,NA,"grass_shrimp","dom_02_2_2","dom_02_2",135,"medium_shrimp",1,15,2
"dom_02",2,2,30,140,150,38.41689,45.80475,16.2533,18.46966,2.0199,0.3,NA,NA,"grass_shrimp","dom_02_2_2","dom_02_2",145,"medium_shrimp",1,15,2
"dom_02",2,2,30,150,160,45.80475,53.19261,18.46966,22.16359,1.288557,0.1,NA,NA,"grass_shrimp","dom_02_2_2","dom_02_2",155,"medium_shrimp",1,15,2
"dom_02",2,2,30,160,170,53.19261,70.1847,22.16359,31.02902,2.751244,1.3,NA,NA,"grass_shrimp","dom_02_2_2","dom_02_2",165,"medium_shrimp",1,15,2
"dom_02",2,2,30,170,180,70.1847,83.48285,31.02902,37.67811,1.776119,1.1,NA,NA,"grass_shrimp","dom_02_2_2","dom_02_2",175,"medium_shrimp",1,15,2
"dom_02",2,2,30,180,190,83.48285,108.6016,37.67811,46.54358,2.646766,0.3,NA,NA,"grass_shrimp","dom_02_2_2","dom_02_2",185,"medium_shrimp",1,15,2
"dom_02",2,2,30,190,200,108.6016,133.7203,46.54358,67.22955,1.985075,2.3,NA,NA,"grass_shrimp","dom_02_2_2","dom_02_2",195,"medium_shrimp",1,15,2
"dom_02",2,2,30,200,210,133.7203,164.0106,67.22955,68.7071,2.0199,0.5,NA,NA,"grass_shrimp","dom_02_2_2","dom_02_2",205,"medium_shrimp",1,15,2
"dom_02",2,2,30,210,220,164.0106,201.6887,68.7071,82.7441,2.089552,0.3,NA,NA,"grass_shrimp","dom_02_2_2","dom_02_2",215,"medium_shrimp",1,15,2
"dom_03a",1,1,24,1,5,0.233,0.3,0.05,0.1578948,3.82486001040664,5,NA,NA,"crangon","dom_03a_1_1","dom_03a_1",3,"medium_shrimp",0.714285714285714,19,4
"dom_03a",1,1,24,5,10,0.3,0.4368421,0.1578948,0.2,8.0580131106269,0.4,NA,NA,"crangon","dom_03a_1_1","dom_03a_1",7.5,"medium_shrimp",0.714285714285714,19,4
"dom_03a",1,1,24,10,15,0.4368421,0.5789474,0.2,0.2210527,6.1748708744806,0.2,NA,NA,"crangon","dom_03a_1_1","dom_03a_1",12.5,"medium_shrimp",0.714285714285714,19,4
"dom_03a",1,1,24,15,20,0.5789474,0.7789474,0.2210527,0.3157895,5.77387906486552,2.3,NA,NA,"crangon","dom_03a_1_1","dom_03a_1",17.5,"medium_shrimp",0.714285714285714,19,4
"dom_03a",1,1,24,20,25,0.7789474,1.110526,0.3157895,0.4578946,7.04445116188833,0.1,NA,NA,"crangon","dom_03a_1_1","dom_03a_1",22.5,"medium_shrimp",0.714285714285714,19,4
"dom_03a",1,1,24,25,30,1.110526,1.505263,0.4578946,0.426315,6.88122889332746,0.1,NA,NA,"crangon","dom_03a_1_1","dom_03a_1",27.5,"medium_shrimp",0.714285714285714,19,4
"dom_03a",1,1,24,30,35,1.505263,1.847368,0.426315,0.536842,4.05674880541347,0.4,NA,NA,"crangon","dom_03a_1_1","dom_03a_1",32.5,"medium_shrimp",0.714285714285714,19,4
"dom_03a",2,5,24,1,5,0.233,0.3217582,0.05,0.1424176,6.39541304361104,5,NA,NA,"crangon","dom_03a_2_5","dom_03a_2",3,"medium_shrimp",0.714285714285714,19,4
"dom_03a",2,5,24,5,10,0.3217582,0.4430769,0.1424176,0.2004395,6.32609994484075,2.2,NA,NA,"crangon","dom_03a_2_5","dom_03a_2",7.5,"medium_shrimp",0.714285714285714,19,4
"dom_03a",2,5,24,10,15,0.4430769,0.5696703,0.2004395,0.2426374,5.22105462993312,1.5,NA,NA,"crangon","dom_03a_2_5","dom_03a_2",12.5,"medium_shrimp",0.714285714285714,19,4
"dom_03a",2,5,24,15,20,0.5696703,0.8650549,0.2426374,0.3692304,8.34818928122664,1,NA,NA,"crangon","dom_03a_2_5","dom_03a_2",17.5,"medium_shrimp",0.714285714285714,19,4
"dom_03a",2,5,24,20,25,0.8650549,1.076044,0.3692304,0.4589011,4.36765966365866,1.4,NA,NA,"crangon","dom_03a_2_5","dom_03a_2",22.5,"medium_shrimp",0.714285714285714,19,4
"dom_03a",2,5,24,25,30,1.076044,1.461099,0.4589011,0.464175,6.82747171463263,0.1,NA,NA,"crangon","dom_03a_2_5","dom_03a_2",27.5,"medium_shrimp",0.714285714285714,19,4
"dom_03a",2,5,24,30,35,1.461099,1.592967,0.464175,0.543297,1.58931571235317,2.6,NA,NA,"crangon","dom_03a_2_5","dom_03a_2",32.5,"medium_shrimp",0.714285714285714,19,4
"dom_03a",3,6,25,1,5,0.271,0.3588785,0.041,0.1046729,7.208791,4.9,NA,NA,"crangon","dom_03a_3_6","dom_03a_3",3,"medium_shrimp",1,20,2
"dom_03a",3,6,25,5,10,0.3588785,0.5682243,0.1046729,0.1345795,7.758242,0.7,NA,NA,"crangon","dom_03a_3_6","dom_03a_3",7.5,"medium_shrimp",1,20,2
"dom_03a",3,6,25,10,15,0.5682243,0.9271028,0.1345795,0.2392524,9.89011,1.9,NA,NA,"crangon","dom_03a_3_6","dom_03a_3",12.5,"medium_shrimp",1,20,2
"dom_03a",3,6,25,15,20,0.9271028,1.570093,0.2392524,0.478505,10.28571,3.1,NA,NA,"crangon","dom_03a_3_6","dom_03a_3",17.5,"medium_shrimp",1,20,2
"dom_03a",3,6,25,20,25,1.570093,2.571963,0.478505,0.762617,10.04396,0.1,NA,NA,"crangon","dom_03a_3_6","dom_03a_3",22.5,"medium_shrimp",1,20,2
"dom_03a",3,6,25,25,30,2.571963,3.872897,0.762617,1.016823,8.153846,0.1,NA,NA,"crangon","dom_03a_3_6","dom_03a_3",27.5,"medium_shrimp",1,20,2
"dom_03a",3,6,25,30,40,3.872897,5.966355,1.016823,2.542056,4.307692,3.1,NA,NA,"crangon","dom_03a_3_6","dom_03a_3",35,"medium_shrimp",1,20,2
"dom_03a",3,7,25,1,5,0.273,0.388785,0.035,0.1196262,7.604396,4.9,NA,NA,"crangon","dom_03a_3_7","dom_03a_3",3,"fish",1,20,2
"dom_03a",3,7,25,5,10,0.388785,0.4934579,0.1196262,0.1196261,5.032967,0.9,NA,NA,"fish fry","dom_03a_3_7","dom_03a_3",7.5,"fish",1,20,2
"dom_03a",3,7,25,10,15,0.4934579,0.6878505,0.1196261,0.1345794,6.153846,0.5,NA,NA,"fish fry","dom_03a_3_7","dom_03a_3",12.5,"fish",1,20,2
"dom_03a",3,7,25,15,20,0.6878505,0.9121495,0.1345794,0.2542059,5.428571,3.9,NA,NA,"fish fry","dom_03a_3_7","dom_03a_3",17.5,"fish",1,20,2
"dom_03a",3,7,25,20,25,0.9121495,1.226168,0.2542059,0.418692,5.736264,3.5,NA,NA,"fish fry","dom_03a_3_7","dom_03a_3",22.5,"fish",1,20,2
"dom_03a",3,7,25,25,30,1.226168,1.55514,0.418692,0.553271,4.813187,0.9,NA,NA,"fish fry","dom_03a_3_7","dom_03a_3",27.5,"fish",1,20,2
"dom_03a",3,7,25,30,40,1.55514,1.854206,0.553271,0.837383,1.846154,2.7,NA,NA,"fish fry","dom_03a_3_7","dom_03a_3",35,"fish",1,20,2
"dom_03b",1,1,30,91,98,17.4,20.68966,6,13.38743,6.762178,4.9,NA,NA,"grass shrimp","dom_03b_1_1","dom_03b_1",94.5,"medium_shrimp",1.25,18,2
"dom_03b",1,1,30,98,105,20.68966,21.90669,13.38743,14.19878,3.82808,3.3,NA,NA,"grass shrimp","dom_03b_1_1","dom_03b_1",101.5,"medium_shrimp",1.25,18,2
"dom_03b",1,1,30,105,112,21.90669,24.74645,14.19878,16.63286,1.123209,2.1,NA,NA,"grass shrimp","dom_03b_1_1","dom_03b_1",108.5,"medium_shrimp",1.25,18,2
"dom_03b",1,1,30,112,119,24.74645,27.99189,16.63286,19.87829,2.040115,3.3,NA,NA,"grass shrimp","dom_03b_1_1","dom_03b_1",115.5,"medium_shrimp",1.25,18,2
"dom_03b",1,1,30,119,126,27.99189,35.29412,19.87829,29.20892,3.186246,4.9,NA,NA,"grass shrimp","dom_03b_1_1","dom_03b_1",122.5,"medium_shrimp",1.25,18,2
"dom_03b",1,1,30,126,133,35.29412,40.56795,29.20892,29.20892,2.017192,1.5,NA,NA,"grass shrimp","dom_03b_1_1","dom_03b_1",129.5,"medium_shrimp",1.25,18,2
"dom_03b",1,1,30,133,140,40.56795,50.70994,29.20892,36.51116,3.277937,0.7,NA,NA,"grass shrimp","dom_03b_1_1","dom_03b_1",136.5,"medium_shrimp",1.25,18,2
"dom_03b",1,1,30,140,147,50.70994,55.57809,36.51116,38.53955,1.146132,0.3,NA,NA,"grass shrimp","dom_03b_1_1","dom_03b_1",143.5,"medium_shrimp",1.25,18,2
"dom_03b",1,1,30,147,161,55.57809,66.12576,38.53955,51.92698,2.361032,2.5,NA,NA,"grass shrimp","dom_03b_1_1","dom_03b_1",154,"medium_shrimp",1.25,18,2
"dom_03b",1,1,30,161,168,66.12576,75.86207,51.92698,50.30426,2.108883,1.3,NA,NA,"grass shrimp","dom_03b_1_1","dom_03b_1",164.5,"medium_shrimp",1.25,18,2
"dom_03b",1,1,30,168,186,75.86207,101.8256,50.30426,62.06893,2.108883,0.3,NA,NA,"grass shrimp","dom_03b_1_1","dom_03b_1",177,"medium_shrimp",1.25,18,2
"dom_03b",1,1,30,186,193,101.8256,113.9959,62.06893,99.7972,0.7106017,4.9,NA,NA,"grass shrimp","dom_03b_1_1","dom_03b_1",189.5,"medium_shrimp",1.25,18,2
"dom_03b",1,1,30,193,200,113.9959,131.4402,99.7972,91.27784,1.054441,1.7,NA,NA,"grass shrimp","dom_03b_1_1","dom_03b_1",196.5,"medium_shrimp",1.25,18,2
"dom_03b",1,2,30,91,98,18.9,20.68966,6,12.57607,1.421203,4.9,NA,NA,"grass shrimp","dom_03b_1_2","dom_03b_1",94.5,"medium_shrimp",1.25,18,2
"dom_03b",1,2,30,98,105,20.68966,21.09533,12.57607,15.8215,0.5730659,4.7,NA,NA,"grass shrimp","dom_03b_1_2","dom_03b_1",101.5,"medium_shrimp",1.25,18,2
"dom_03b",1,2,30,105,112,21.09533,22.31237,15.8215,14.19878,0.5730659,0.1,NA,NA,"grass shrimp","dom_03b_1_2","dom_03b_1",108.5,"medium_shrimp",1.25,18,2
"dom_03b",1,2,30,112,119,22.31237,24.34077,14.19878,17.8499,1.398281,4.9,NA,NA,"grass shrimp","dom_03b_1_2","dom_03b_1",115.5,"medium_shrimp",1.25,18,2
"dom_03b",1,2,30,119,126,24.34077,27.18053,17.8499,17.8499,1.719198,0.9,NA,NA,"grass shrimp","dom_03b_1_2","dom_03b_1",122.5,"medium_shrimp",1.25,18,2
"dom_03b",1,2,30,126,133,27.18053,31.643,17.8499,19.8783,1.971347,1.3,NA,NA,"grass shrimp","dom_03b_1_2","dom_03b_1",129.5,"medium_shrimp",1.25,18,2
"dom_03b",1,2,30,133,140,31.643,36.91684,19.8783,24.34077,2.063037,3.1,NA,NA,"grass shrimp","dom_03b_1_2","dom_03b_1",136.5,"medium_shrimp",1.25,18,2
"dom_03b",1,2,30,140,147,36.91684,38.94523,24.34077,23.93509,0.8252149,0.1,NA,NA,"grass shrimp","dom_03b_1_2","dom_03b_1",143.5,"medium_shrimp",1.25,18,2
"dom_03b",1,2,30,147,161,38.94523,48.27586,23.93509,29.20892,2.934097,0.5,NA,NA,"grass shrimp","dom_03b_1_2","dom_03b_1",154,"medium_shrimp",1.25,18,2
"dom_03b",1,2,30,161,168,48.27586,57.20081,29.20892,35.29412,2.315186,1.3,NA,NA,"grass shrimp","dom_03b_1_2","dom_03b_1",164.5,"medium_shrimp",1.25,18,2
"dom_03b",1,2,30,168,186,57.20081,77.07911,35.29412,42.19067,2.131805,0.7,NA,NA,"grass shrimp","dom_03b_1_2","dom_03b_1",177,"medium_shrimp",1.25,18,2
"dom_03b",1,2,30,186,193,77.07911,82.35294,42.19067,43.40775,0.4584527,0.7,NA,NA,"grass shrimp","dom_03b_1_2","dom_03b_1",189.5,"medium_shrimp",1.25,18,2
"dom_03b",1,2,30,193,200,82.35294,92.08925,43.40775,51.92696,0.8022923,1.7,NA,NA,"grass shrimp","dom_03b_1_2","dom_03b_1",196.5,"medium_shrimp",1.25,18,2
"dom_03b",1,2,30,200,230,92.08925,128.6004,51.92696,92.49492,1.077364,1.3,NA,NA,"grass shrimp","dom_03b_1_2","dom_03b_1",215,"medium_shrimp",1.25,18,2
"dom_03b",2,3,45,51,58,5.705521,8.282209,1.656441,2.576687,4.390805,0.827587,14.12598,0.236220000000001,"grass shrimp","dom_03b_2_3","dom_03b_2",54.5,"medium_shrimp",1,18,1
"dom_03b",2,3,45,58,65,8.282209,12.26994,2.576687,4.23313,5.701149,1.287356,12.33071,0.33071,"grass shrimp","dom_03b_2_3","dom_03b_2",61.5,"medium_shrimp",1,18,1
"dom_03b",2,3,45,65,72,12.26994,15.88957,4.23313,5.82823,4.137931,0.758621,11.24409,0.330710000000002,"grass shrimp","dom_03b_2_3","dom_03b_2",68.5,"medium_shrimp",1,18,1
"dom_03b",2,3,45,72,79,15.88957,19.81595,5.82823,8.09816,3.126437,2.091954,8.88189,0.425196999999999,"grass shrimp","dom_03b_2_3","dom_03b_2",75.5,"medium_shrimp",1,18,1
"dom_03b",2,4,45,51,58,5.644172,7.546012,1.595092,1.901841,5.37931,0.574712,13.08661,0.61417,"grass shrimp","dom_03b_2_4","dom_03b_2",54.5,"medium_shrimp",1,18,1
"dom_03b",2,4,45,58,65,7.546012,11.22699,1.901841,3.006138,5.724138,0.367815999999999,11.52756,1.13385,"grass shrimp","dom_03b_2_4","dom_03b_2",61.5,"medium_shrimp",1,18,1
"dom_03b",2,4,45,65,72,11.22699,14.96933,3.006138,4.23312,3.632184,0.919541,10.62992,1.22835,"grass shrimp","dom_03b_2_4","dom_03b_2",68.5,"medium_shrimp",1,18,1
"dom_03b",2,4,45,72,79,14.96933,18.71166,4.23312,5.58282,3.218391,1.080459,8.362205,0.566929,"grass shrimp","dom_03b_2_4","dom_03b_2",75.5,"medium_shrimp",1,18,1
"dom_04",1,1,90,1,8,0.1,0.154,0.014,0.042,6.4,0.4,NA,NA,"mysids","dom_04_1_1","dom_04_1",4.5,"small_shrimp",1,20,1
"dom_04",1,1,90,8,15,0.154,0.25,0.042,0.056,7.1,0.4,NA,NA,"mysids","dom_04_1_1","dom_04_1",11.5,"small_shrimp",1,20,1
"dom_04",1,1,90,15,22,0.25,0.36,0.056,0.076,6.1,0.2,NA,NA,"mysids","dom_04_1_1","dom_04_1",18.5,"small_shrimp",1,20,1
"dom_04",1,1,90,22,29,0.36,0.496,0.076,0.086,5.3,0.2,NA,NA,"mysids","dom_04_1_1","dom_04_1",25.5,"small_shrimp",1,20,1
"dom_04",1,2,90,1,8,0.096,0.146,0.012,0.034,5.5,0.4,NA,NA,"grass_shrimp","dom_04_1_2","dom_04_1",4.5,"medium_shrimp",1,20,1
"dom_04",1,2,90,8,15,0.146,0.257,0.034,0.055,8.4,0.1,NA,NA,"grass_shrimp","dom_04_1_2","dom_04_1",11.5,"medium_shrimp",1,20,1
"dom_04",1,2,90,15,22,0.257,0.491,0.055,0.088,8.6,0.3,NA,NA,"grass_shrimp","dom_04_1_2","dom_04_1",18.5,"medium_shrimp",1,20,1
"dom_04",1,2,90,22,29,0.491,0.796,0.088,0.144,7.5,0.1,NA,NA,"grass_shrimp","dom_04_1_2","dom_04_1",25.5,"medium_shrimp",1,20,1
"dom_04",1,3,90,1,8,0.098,0.12,0.015,0.03,3,0.4,NA,NA,"fish_fry","dom_04_1_3","dom_04_1",4.5,"fish",1,20,1
"dom_04",1,3,90,8,15,0.12,0.136,0.03,0.043,1.8,0.1,NA,NA,"fish_fry","dom_04_1_3","dom_04_1",11.5,"fish",1,20,1
"dom_04",1,3,90,15,22,0.136,0.173,0.043,0.051,3.2,0.1,NA,NA,"fish_fry","dom_04_1_3","dom_04_1",18.5,"fish",1,20,1
"dom_04",1,3,90,22,29,0.173,0.209,0.051,0.054,3.4,0.05,NA,NA,"fish_fry","dom_04_1_3","dom_04_1",25.5,"fish",1,20,1
"dom_04",2,4,60,30,37,0.61,0.95,0.09,0.15,6.1,0.05,NA,NA,"grass_shrimp","dom_04_2_4","dom_04_2",33.5,"medium_shrimp",1,20,1
"dom_04",2,4,60,37,44,0.95,1.39,0.15,0.23,5.8,0.05,NA,NA,"grass_shrimp","dom_04_2_4","dom_04_2",40.5,"medium_shrimp",1,20,1
"dom_04",2,4,60,44,51,1.39,2.03,0.23,0.28,5.5,0.1,NA,NA,"grass_shrimp","dom_04_2_4","dom_04_2",47.5,"medium_shrimp",1,20,1
"dom_04",2,4,60,51,58,2.03,2.96,0.28,0.59,5.3,0.1,NA,NA,"grass_shrimp","dom_04_2_4","dom_04_2",54.5,"medium_shrimp",1,20,1
"dom_04",2,5,60,30,37,0.6,0.7,0.12,0.14,2.2,0.05,NA,NA,"fish_fry","dom_04_2_5","dom_04_2",33.5,"fish",1,20,1
"dom_04",2,5,60,37,44,0.7,0.91,0.14,0.17,2.8,0.05,NA,NA,"fish_fry","dom_04_2_5","dom_04_2",40.5,"fish",1,20,1
"dom_04",2,5,60,44,51,0.91,0.99,0.17,0.26,2.4,0.1,NA,NA,"fish_fry","dom_04_2_5","dom_04_2",47.5,"fish",1,20,1
"dom_04",2,5,60,51,58,0.99,1.15,0.26,0.15,2.2,0.05,NA,NA,"fish_fry","dom_04_2_5","dom_04_2",54.5,"fish",1,20,1
"dom_04",3,6,36,61,68,5.73,8.59,0.07,0.44,5.7,0.2,NA,NA,"grass_shrimp","dom_04_3_6","dom_04_3",64.5,"medium_shrimp",1,20,1
"dom_04",3,6,36,68,75,8.59,12.83,0.44,1.09,5.9,0.4,NA,NA,"grass_shrimp","dom_04_3_6","dom_04_3",71.5,"medium_shrimp",1,20,1
"dom_04",3,6,36,75,82,12.83,19.48,1.09,2.91,6,0.1,NA,NA,"grass_shrimp","dom_04_3_6","dom_04_3",78.5,"medium_shrimp",1,20,1
"dom_04",3,6,36,82,89,19.48,29.05,2.91,3.74,5.8,0.2,NA,NA,"grass_shrimp","dom_04_3_6","dom_04_3",85.5,"medium_shrimp",1,20,1
"dom_04",3,7,36,61,68,5.73,6.43,0.07,0.35,1.6,0.2,NA,NA,"fish_fry","dom_04_3_7","dom_04_3",64.5,"fish",1,20,1
"dom_04",3,7,36,68,75,6.43,8.07,0.35,1.47,3.5,0.2,NA,NA,"fish_fry","dom_04_3_7","dom_04_3",71.5,"fish",1,20,1
"dom_04",3,7,36,75,82,8.07,10.86,1.47,3.02,4.2,0.4,NA,NA,"fish_fry","dom_04_3_7","dom_04_3",78.5,"fish",1,20,1
"dom_04",3,7,36,82,89,10.86,14.89,3.02,4.96,4.7,0.2,NA,NA,"fish_fry","dom_04_3_7","dom_04_3",85.5,"fish",1,20,1
"dom_04",4,8,15,51,58,2.15,2.7,0.36,0.8,3.3,0.5,10.4,1.1,"grass_shrimp","dom_04_4_8","dom_04_4",54.5,"medium_shrimp",1,24,1
"dom_04",4,8,15,58,65,2.7,4.7,0.8,1.2,7.7,0.7,15.3,0.7,"grass_shrimp","dom_04_4_8","dom_04_4",61.5,"medium_shrimp",1,24,1
"dom_04",4,8,15,65,72,4.7,6.5,1.2,1.6,4.6,0.7,12.7,0.4,"grass_shrimp","dom_04_4_8","dom_04_4",68.5,"medium_shrimp",1,24,1
"dom_04",4,8,15,72,79,6.5,9.2,1.6,2.4,5,0.2,12.1,0.7,"grass_shrimp","dom_04_4_8","dom_04_4",75.5,"medium_shrimp",1,24,1
"dom_04",4,8,15,79,86,9.2,13.1,2.4,4,5.1,0.4,11.7,1.8,"grass_shrimp","dom_04_4_8","dom_04_4",82.5,"medium_shrimp",1,24,1
"dom_04",4,9,15,51,58,2.15,2.3,0.36,0.7,1.1,0.7,7.4,0.8,"fish_fry","dom_04_4_9","dom_04_4",54.5,"fish",1,24,1
"dom_04",4,9,15,58,65,2.3,3.3,0.7,1,5,0.3,13.2,0.4,"fish_fry","dom_04_4_9","dom_04_4",61.5,"fish",1,24,1
"dom_04",4,9,15,65,72,3.3,4,1,1.2,2.6,0.7,13.9,0.9,"fish_fry","dom_04_4_9","dom_04_4",68.5,"fish",1,24,1
"dom_04",4,9,15,72,79,4,5.4,1.2,1.6,4.2,0.2,13.1,0.4,"fish_fry","dom_04_4_9","dom_04_4",75.5,"fish",1,24,1
"dom_04",4,9,15,79,86,5.4,6.8,1.6,2.1,3.5,0.1,10.8,0.6,"fish_fry","dom_04_4_9","dom_04_4",82.5,"fish",1,24,1
"dom_08",1,1,12,121,128,44.6,50.8,2.9,5.7,1.849765,1.279342,9.030612,1.22449,"grass shrimp","dom_08_1_1","dom_08_1",124.5,"medium_shrimp",NA,21,1
"dom_08",1,1,12,128,135,50.8,54.8,5.7,5.3,1.133803,1.0446006,7.77551,0.581632,"grass shrimp","dom_08_1_1","dom_08_1",131.5,"medium_shrimp",NA,21,1
"dom_08",1,1,12,135,142,54.8,59.7,5.3,3.7,1.978873,0.48122,8.602041,1.010204,"grass shrimp","dom_08_1_1","dom_08_1",138.5,"medium_shrimp",NA,21,1
"dom_08",1,1,12,142,149,59.7,63.8,3.7,3.4,0.9929577,0.1760561,5.816327,2.846939,"grass shrimp","dom_08_1_1","dom_08_1",145.5,"medium_shrimp",NA,21,1
"dom_08",1,2,12,121,128,43.3,41.3,2.2,3.1,-0.6502347,1.0680746,3.244898,0.367347,"fish","dom_08_1_2","dom_08_1",124.5,"fish",NA,21,1
"dom_08",1,2,12,128,135,41.3,45.1,3.1,1.7,1.333333,1.0446007,4.285714,2.510204,"fish","dom_08_1_2","dom_08_1",131.5,"fish",NA,21,1
"dom_08",1,2,12,135,142,45.1,46,1.7,0.3,0.4413146,1.4201879,5.846939,6.091837,"fish","dom_08_1_2","dom_08_1",138.5,"fish",NA,21,1
"dom_08",1,2,12,142,149,46,46.7,0.3,1.1,0.2535211,0.50469482,4.285714,3.795918,"fish","dom_08_1_2","dom_08_1",145.5,"fish",NA,21,1
"dom_08",1,3,12,121,128,44.2,45.5,4.4,7.1,0.3943662,1.6431926,10.22449,3.551023,"crayfish","dom_08_1_3","dom_08_1",124.5,"crayfish",NA,21,1
"dom_08",1,3,12,128,135,45.5,51.6,7.1,11.4,1.744131,0.610329,8.234694,0.642857,"crayfish","dom_08_1_3","dom_08_1",131.5,"crayfish",NA,21,1
"dom_08",1,3,12,135,142,51.6,56.7,11.4,11.9,1.34507,0.340376,10.07143,2.846941,"crayfish","dom_08_1_3","dom_08_1",138.5,"crayfish",NA,21,1
"dom_08",1,3,12,142,149,56.7,60.4,11.9,12.3,0.9107981,0.2347419,5.510204,2.877551,"crayfish","dom_08_1_3","dom_08_1",145.5,"crayfish",NA,21,1
"fer_10",1,1,50,76,83,NA,NA,NA,NA,3.838384,0.363636,8.87,NA,"grass shrimp","fer_10_1_1","fer_10_1",79.5,"medium_shrimp",1,21,1
"fer_10",1,1,50,83,90,NA,NA,NA,NA,3.919192,0.242424000000001,8.87,NA,"grass shrimp","fer_10_1_1","fer_10_1",86.5,"medium_shrimp",1,21,1
"fer_10",1,1,50,90,97,NA,NA,NA,NA,3.676768,0.161616,8.87,NA,"grass shrimp","fer_10_1_1","fer_10_1",93.5,"medium_shrimp",1,21,1
"fer_10",1,1,50,97,104,NA,NA,NA,NA,3.757576,0.282828,8.87,NA,"grass shrimp","fer_10_1_1","fer_10_1",100.5,"medium_shrimp",1,21,1
"fer_10",1,2,50,76,83,NA,NA,NA,NA,1.090909,0.525253,6.85,NA,"fish","fer_10_1_2","fer_10_1",79.5,"fish",1,21,1
"fer_10",1,2,50,83,90,NA,NA,NA,NA,0.9292929,0.6464651,6.85,NA,"fish","fer_10_1_2","fer_10_1",86.5,"fish",1,21,1
"fer_10",1,2,50,90,97,NA,NA,NA,NA,-0.2020202,0.9292929,6.85,NA,"fish","fer_10_1_2","fer_10_1",93.5,"fish",1,21,1
"fer_10",1,2,50,97,104,NA,NA,NA,NA,1.373737,0.242425,6.85,NA,"fish","fer_10_1_2","fer_10_1",100.5,"fish",1,21,1
"fer_10",1,3,50,76,83,NA,NA,NA,NA,1.494949,0.404041,11,NA,"crayfish","fer_10_1_3","fer_10_1",79.5,"crayfish",1,21,1
"fer_10",1,3,50,83,90,NA,NA,NA,NA,2.060606,0.888889,11,NA,"crayfish","fer_10_1_3","fer_10_1",86.5,"crayfish",1,21,1
"fer_10",1,3,50,90,97,NA,NA,NA,NA,2.949495,0.525252,11,NA,"crayfish","fer_10_1_3","fer_10_1",93.5,"crayfish",1,21,1
"fer_10",1,3,50,97,104,NA,NA,NA,NA,2.343434,0.929293,11,NA,"crayfish","fer_10_1_3","fer_10_1",100.5,"crayfish",1,21,1
"gri_04",1,1,10,49,59,3.6,4.9,NA,NA,3.08478810147291,0.583699515213167,9.5,NA,"crangon","gri_04_1_1","gri_04_1",54,"medium_shrimp",1,19,5
"gri_04",1,1,10,59,69,4.9,6.8,NA,NA,3.27787490477662,0.434831160070776,9.5,NA,"crangon","gri_04_1_1","gri_04_1",64,"medium_shrimp",1,19,5
"gri_04",1,1,10,69,79,6.8,9.4,NA,NA,3.23838613402055,0.355666845910964,9.5,NA,"crangon","gri_04_1_1","gri_04_1",74,"medium_shrimp",1,19,5
"gri_04",1,1,10,79,89,9.4,13.1,NA,NA,3.31929989437764,0.401960412543031,9.5,NA,"crangon","gri_04_1_1","gri_04_1",84,"medium_shrimp",1,19,5
"kou_00",1,1,15,12,29,0.195,0.284,0.047,0.087,2.6,0.047,7.3,1.07,"mysids","kou_00_1_1","kou_00_1",20.5,"small_shrimp",0.253333333333333,19,1
"kou_00",1,2,15,12,29,0.197,0.394,0.043,0.103,4.4,0.043,10.4,1.71,"mysids","kou_00_1_2","kou_00_1",20.5,"small_shrimp",0.506666666666667,19,1
"kou_00",1,3,15,12,29,0.185,0.45,0.038,0.095,5.6,0.038,13.4,1.33,"mysids","kou_00_1_3","kou_00_1",20.5,"small_shrimp",0.76,19,1
"kou_01",1,1,12,4,14,NA,NA,NA,NA,0.1365188,0.3003413,0,NA,"mysids;crangon","kou_01_1_1","kou_01_1",9,"shrimp_mix",0,20,1
"kou_01",1,1,12,14,24,NA,NA,NA,NA,-1.447099,0.300342,0,NA,"mysids;crangon","kou_01_1_1","kou_01_1",19,"shrimp_mix",0,20,1
"kou_01",1,10,12,4,14,NA,NA,NA,NA,12.72355,1.31058,36,NA,"mysids;crangon","kou_01_1_10","kou_01_1_",9,"shrimp_mix",1.14285714285714,20,1
"kou_01",1,10,12,14,24,NA,NA,NA,NA,10.86689,1.72013,31,NA,"mysids;crangon","kou_01_1_10","kou_01_1_",19,"shrimp_mix",1.14285714285714,20,1
"kou_01",1,10,12,24,44,NA,NA,NA,NA,8.354949,2.156996,17,NA,"mysids;crangon","kou_01_1_10","kou_01_1_",34,"shrimp_mix",1.14285714285714,20,1
"kou_01",1,11,12,4,14,NA,NA,NA,NA,13.1058,1.31058,46,NA,"mysids;crangon","kou_01_1_11","kou_01_1_",9,"shrimp_mix",1.66666666666667,20,1
"kou_01",1,2,12,4,14,NA,NA,NA,NA,0.3003413,0.1638225,1,NA,"mysids;crangon","kou_01_1_2","kou_01_1",9,"shrimp_mix",0.0285714285714286,20,1
"kou_01",1,2,12,14,24,NA,NA,NA,NA,-0.2457338,0.2730375,1,NA,"mysids;crangon","kou_01_1_2","kou_01_1",19,"shrimp_mix",0.0285714285714286,20,1
"kou_01",1,2,12,24,44,NA,NA,NA,NA,-0.1365188,0.4368601,0,NA,"mysids;crangon","kou_01_1_2","kou_01_1",34,"shrimp_mix",0.0285714285714286,20,1
"kou_01",1,3,12,4,14,NA,NA,NA,NA,1.010239,0.191126,3,NA,"mysids;crangon","kou_01_1_3","kou_01_1",9,"shrimp_mix",0.0857142857142857,20,1
"kou_01",1,3,12,14,24,NA,NA,NA,NA,0.05460751,0.1911263,3,NA,"mysids;crangon","kou_01_1_3","kou_01_1",19,"shrimp_mix",0.0857142857142857,20,1
"kou_01",1,3,12,24,44,NA,NA,NA,NA,-0.08191126,0.21842999,2,NA,"mysids;crangon","kou_01_1_3","kou_01_1",34,"shrimp_mix",0.0857142857142857,20,1
"kou_01",1,4,12,4,14,NA,NA,NA,NA,0.6825939,0.3276448,5,NA,"mysids;crangon","kou_01_1_4","kou_01_1",9,"shrimp_mix",0.142857142857143,20,1
"kou_01",1,4,12,14,24,NA,NA,NA,NA,0.5460751,0.1911263,5,NA,"mysids;crangon","kou_01_1_4","kou_01_1",19,"shrimp_mix",0.142857142857143,20,1
"kou_01",1,4,12,24,44,NA,NA,NA,NA,0.2457338,0.21843,4,NA,"mysids;crangon","kou_01_1_4","kou_01_1",34,"shrimp_mix",0.142857142857143,20,1
"kou_01",1,5,12,4,14,NA,NA,NA,NA,3.713311,1.337884,10,NA,"mysids;crangon","kou_01_1_5","kou_01_1",9,"shrimp_mix",0.285714285714286,20,1
"kou_01",1,5,12,14,24,NA,NA,NA,NA,3.822526,0.546075,9,NA,"mysids;crangon","kou_01_1_5","kou_01_1",19,"shrimp_mix",0.285714285714286,20,1
"kou_01",1,5,12,24,44,NA,NA,NA,NA,0.8464164,0.245734,6,NA,"mysids;crangon","kou_01_1_5","kou_01_1",34,"shrimp_mix",0.285714285714286,20,1
"kou_01",1,6,12,4,14,NA,NA,NA,NA,7.617747,1.365188,15,NA,"mysids;crangon","kou_01_1_6","kou_01_1",9,"shrimp_mix",0.571428571428571,20,1
"kou_01",1,6,12,14,24,NA,NA,NA,NA,6.716724,0.709898000000001,12,NA,"mysids;crangon","kou_01_1_6","kou_01_1",19,"shrimp_mix",0.571428571428571,20,1
"kou_01",1,6,12,24,44,NA,NA,NA,NA,5.460751,0.600683,8,NA,"mysids;crangon","kou_01_1_6","kou_01_1",34,"shrimp_mix",0.571428571428571,20,1
"kou_01",1,7,12,4,14,NA,NA,NA,NA,8.191126,0.518770999999999,16,NA,"mysids;crangon","kou_01_1_7","kou_01_1",9,"shrimp_mix",0.714285714285714,20,1
"kou_01",1,7,12,14,24,NA,NA,NA,NA,8.573379,0.191127,14,NA,"mysids;crangon","kou_01_1_7","kou_01_1",19,"shrimp_mix",0.714285714285714,20,1
"kou_01",1,7,12,24,44,NA,NA,NA,NA,6.662116,0.409556,10,NA,"mysids;crangon","kou_01_1_7","kou_01_1",34,"shrimp_mix",0.714285714285714,20,1
"kou_01",1,8,12,4,14,NA,NA,NA,NA,10.32082,0.791807,28,NA,"mysids;crangon","kou_01_1_8","kou_01_1",9,"shrimp_mix",0.857142857142857,20,1
"kou_01",1,8,12,14,24,NA,NA,NA,NA,9.720137,1.63823,20,NA,"mysids;crangon","kou_01_1_8","kou_01_1",19,"shrimp_mix",0.857142857142857,20,1
"kou_01",1,8,12,24,44,NA,NA,NA,NA,6.935154,0.491468,11,NA,"mysids;crangon","kou_01_1_8","kou_01_1",34,"shrimp_mix",0.857142857142857,20,1
"kou_01",1,9,12,4,14,NA,NA,NA,NA,11.87713,0.57338,30,NA,"mysids;crangon","kou_01_1_9","kou_01_1",9,"shrimp_mix",1,20,1
"kou_01",1,9,12,14,24,NA,NA,NA,NA,9.556314,0.464160000000001,22,NA,"mysids;crangon","kou_01_1_9","kou_01_1",19,"shrimp_mix",1,20,1
"kou_01",1,9,12,24,44,NA,NA,NA,NA,7.426621,0.901023,13,NA,"mysids;crangon","kou_01_1_9","kou_01_1",34,"shrimp_mix",1,20,1
"kou_02",1,1,40,19,26,0.3478992,0.6352941,0.1210084,0.1915966,8.79645081558672,0.2,NA,NA,"crangon","kou_02_1_1","kou_02_1",22.5,"medium_shrimp",1.14285714285714,20,4
"kou_02",1,1,40,26,29,0.6352941,0.7210084,0.1915966,0.0554622000000001,5.57131844436317,1.7,NA,NA,"crangon","kou_02_1_1","kou_02_1",27.5,"medium_shrimp",1.14285714285714,20,4
"kou_02",2,4,80,19,26,0.4058091,0.659751,0.0522822,0.1219917,6.82001955463755,1.9,NA,NA,"mysids","kou_02_2_4","kou_02_2",22.5,"small_shrimp",1.14285714285714,20,4
"kou_02",2,4,80,26,29,0.659751,0.7991701,0.1219917,0.0273859,6.93112765153993,0.6,NA,NA,"mysids","kou_02_2_4","kou_02_2",27.5,"small_shrimp",1.14285714285714,20,4
"kou_02",3,6,36,4,14,NA,0.300813,NA,0.0731707,8.291667,1.125,43.11,5.86,"crangon","kou_02_3_6","kou_02_3",9,"medium_shrimp",1.14285714285714,20,1
"kou_02",3,6,36,14,24,0.300813,0.9512195,0.0731707,0.0731707,8.416667,0.875,44.77,5.36,"crangon","kou_02_3_6","kou_02_3",19,"medium_shrimp",1.14285714285714,20,1
"kou_02",3,6,36,24,29,0.9512195,1.520325,0.0731707,0.105691,7.791667,0.458334000000001,38.14,2.54,"crangon","kou_02_3_6","kou_02_3",26.5,"medium_shrimp",1.14285714285714,20,1
"kou_02",3,6,36,29,34,1.520325,2.065041,0.105691,0.0975609999999999,5.541667,0.916667,33.93,1.64,"crangon","kou_02_3_6","kou_02_3",31.5,"medium_shrimp",1.14285714285714,20,1
"kou_99",1,1,5,6,16,0.2483766,0.7159091,0.02483766,0.3944806,9.31008338058201,5,15.78,1.41,"mysids;gammarus;shrimps","kou_99_1_1","kou_99_1",11,"shrimp_mix",0.6,19,4
"kou_99",1,1,5,16,26,0.7159091,1.241883,0.3944806,0.336039,6.48073922846489,1.9,11.89,1.27,"mysids;gammarus;shrimps","kou_99_1_1","kou_99_1",21,"shrimp_mix",0.6,19,4
"kou_99",1,1,6,26,36,1.241883,2.600649,0.336039,0.423701,7.61364483388046,0.1,10.95,1.07,"mysids;gammarus;shrimps","kou_99_1_1","kou_99_1",31,"shrimp_mix",0.6,19,4
"kou_99",1,1,6,36,46,2.600649,3.711039,0.423701,1.198052,3.19078843927583,2.7,9.26,1.23,"mysids;gammarus;shrimps","kou_99_1_1","kou_99_1",41,"shrimp_mix",0.6,19,4
"kou_99",1,2,6,6,16,0.2483766,0.6866883,0.02483766,0.3944806,8.79314868649791,5,27.23,2.96,"mysids;gammarus;shrimps","kou_99_1_2","kou_99_1",11,"shrimp_mix",0.857142857142857,19,4
"kou_99",1,2,6,16,26,0.6866883,1.840909,0.3944806,0.540585,10.8737195893071,0.6,19.15,3.45,"mysids;gammarus;shrimps","kou_99_1_2","kou_99_1",21,"shrimp_mix",0.857142857142857,19,4
"kou_99",1,2,6,26,36,1.840909,4.076299,0.540585,0.511364,8.284796020962,0.8,13.62,1.51,"mysids;gammarus;shrimps","kou_99_1_2","kou_99_1",31,"shrimp_mix",0.857142857142857,19,4
"kou_99",1,2,6,36,46,4.076299,5.698052,0.511364,0.818182,3.3253805957253,0.7,10.84,0.8,"mysids;gammarus;shrimps","kou_99_1_2","kou_99_1",41,"shrimp_mix",0.857142857142857,19,4
"kou_99",1,3,6,6,16,0.2775974,1.066558,0.02775974,0.3652594,12.9554544745091,3.1,30.84,4.2,"mysids;gammarus;shrimps","kou_99_1_3","kou_99_1",11,"shrimp_mix",1,19,4
"kou_99",1,3,6,16,26,1.066558,1.88474,0.3652594,0.569805,5.81072047042125,0.3,21.94,3.59,"mysids;gammarus;shrimps","kou_99_1_3","kou_99_1",21,"shrimp_mix",1,19,4
"kou_99",1,3,6,26,36,1.88474,5.215909,0.569805,0.599026,10.5510278254222,0.4,14.91,1.22,"mysids;gammarus;shrimps","kou_99_1_3","kou_99_1",31,"shrimp_mix",1,19,4
"kou_99",1,3,6,36,46,5.215909,7.349026,0.599026,1.227273,3.35652817005639,1.2,12.57,1.18,"mysids;gammarus;shrimps","kou_99_1_3","kou_99_1",41,"shrimp_mix",1,19,4
"lep_15",1,1,32,1,8,0.1975309,0.2746914,0.03703704,0.02160494,4.91351327905365,0.4,NA,NA,"crangon","lep_15_1_1","lep_15_1",4.5,"medium_shrimp",1,17.5,4
"lep_15",1,1,32,8,15,0.2746914,0.3641975,0.02160494,0.07098765,3.80696448940686,2.6,NA,NA,"crangon","lep_15_1_1","lep_15_1",11.5,"medium_shrimp",1,17.5,4
"lep_15",1,1,32,15,22,0.3641975,0.5216049,0.07098765,0.02469136,5.38198520878487,0.2,NA,NA,"crangon","lep_15_1_1","lep_15_1",18.5,"medium_shrimp",1,17.5,4
"lep_15",1,1,32,22,36,0.5216049,1.046296,0.02469136,0.1111111,4.94009455527569,0.7,NA,NA,"crangon","lep_15_1_1","lep_15_1",29,"medium_shrimp",1,17.5,4
"syk_03",1,1,18,1,6,0.09251101,0.1101322,0.01762114,0.03524238,5.110132,6.938326,NA,NA,"grass shrimp","syk_03_1_1","syk_03_1",3.5,"medium_shrimp",1,23,1
"syk_03",1,1,18,6,11,0.1101322,0.2246696,0.03524238,0.1409692,11.97137,6.629964,NA,NA,"grass shrimp","syk_03_1_1","syk_03_1",8.5,"medium_shrimp",1,23,1
"syk_03",1,1,18,11,16,0.2246696,0.3215859,0.1409692,0.1938326,10.73789,6.321594,NA,NA,"grass shrimp","syk_03_1_1","syk_03_1",13.5,"medium_shrimp",1,23,1
"syk_03",1,1,18,16,21,0.3215859,0.4977974,0.1938326,0.2819384,7.422907,4.779734,NA,NA,"grass shrimp","syk_03_1_1","syk_03_1",18.5,"medium_shrimp",1,23,1
"syk_03",2,4,40,1,6,0.07658643,0.09190372,0.03063456,0.0428884,3.684211,2.842106,NA,NA,"grass shrimp","syk_03_2_4","syk_03_2",3.5,"medium_shrimp",1,23,1
"syk_03",2,4,40,6,11,0.09190372,0.1746171,0.0428884,0.1041576,12.63158,1.7193,NA,NA,"grass shrimp","syk_03_2_4","syk_03_2",8.5,"medium_shrimp",1,23,1
"syk_03",2,4,40,11,16,0.1746171,0.3032823,0.1041576,0.214442,11.26316,0.947370000000001,NA,NA,"grass shrimp","syk_03_2_4","syk_03_2",13.5,"medium_shrimp",1,23,1
"syk_03",2,4,40,16,21,0.3032823,0.5269147,0.214442,0.3798688,11.19298,0.31579,NA,NA,"grass shrimp","syk_03_2_4","syk_03_2",18.5,"medium_shrimp",1,23,1
"syk_03",2,5,40,1,6,0.07658643,0.09190372,0.0428884,0.0428884,5.192982,2.45614,NA,NA,"grass shrimp","syk_03_2_5","syk_03_2",3.5,"medium_shrimp",1,23,1
"syk_03",2,5,40,6,11,0.09190372,0.1715536,0.0428884,0.1041576,12.38596,1.36842,NA,NA,"grass shrimp","syk_03_2_5","syk_03_2",8.5,"medium_shrimp",1,23,1
"syk_03",2,5,40,11,16,0.1715536,0.3185996,0.1041576,0.2021882,12.52632,1.05263,NA,NA,"grass shrimp","syk_03_2_5","syk_03_2",13.5,"medium_shrimp",1,23,1
"syk_03",2,5,40,16,21,0.3185996,0.5330416,0.2021882,0.355361,10.35088,0.771929999999999,NA,NA,"grass shrimp","syk_03_2_5","syk_03_2",18.5,"medium_shrimp",1,23,1
"syk_03",3,6,4,50,57,5.6,NA,1.6,NA,5.3,1,14.2,1,NA,"syk_03_3_6","syk_03_3",53.5,"medium_shrimp",1,25,1
"syk_03",3,6,4,57,64,NA,8.1,NA,1.4,6.2,0.7,14,0.5,NA,"syk_03_3_6","syk_03_3",60.5,"medium_shrimp",1,25,1
"syk_03",3,6,4,64,71,NA,12.5,NA,3.6,5.5,0.3,14.6,0.3,NA,"syk_03_3_6","syk_03_3",67.5,"medium_shrimp",1,25,1
"syk_03",3,6,4,71,78,NA,27.2,NA,8,5.7,1.5,17.3,2.2,NA,"syk_03_3_6","syk_03_3",74.5,"medium_shrimp",1,25,1
"syk_03",3,7,20,50,57,5.8,NA,0.3,NA,5.1,0.6,15,0.4,NA,"syk_03_3_7","syk_03_3",53.5,"medium_shrimp",1,25,1
"syk_03",3,7,20,57,64,NA,8.2,NA,0.2,6,0.6,13.9,0.8,NA,"syk_03_3_7","syk_03_3",60.5,"medium_shrimp",1,25,1
"syk_03",3,7,20,64,71,NA,12.5,NA,1,5.2,0.8,14.8,0.5,NA,"syk_03_3_7","syk_03_3",67.5,"medium_shrimp",1,25,1
"syk_03",3,7,20,71,78,NA,26.9,NA,1.2,6.3,1.6,14.8,2.8,NA,"syk_03_3_7","syk_03_3",74.5,"medium_shrimp",1,25,1
"syk_03",3,8,48,50,57,5.9,NA,0.3,NA,4.8,0.4,13.8,1.1,NA,"syk_03_3_8","syk_03_3",53.5,"medium_shrimp",1,25,1
"syk_03",3,8,48,57,64,NA,8.3,NA,0.6,5.5,1.1,13.8,0.5,NA,"syk_03_3_8","syk_03_3",60.5,"medium_shrimp",1,25,1
"syk_03",3,8,48,64,71,NA,12.2,NA,0.6,5.6,1.3,14.2,0.7,NA,"syk_03_3_8","syk_03_3",67.5,"medium_shrimp",1,25,1
"syk_03",3,8,48,71,78,NA,25.2,NA,1.3,4.8,0.9,10.7,0.9,NA,"syk_03_3_8","syk_03_3",74.5,"medium_shrimp",1,25,1
"syk_06",1,1,27,0,10,NA,NA,NA,NA,5.577428,1.41710527087364,NA,NA,"grass shrimp","syk_06_1_1","syk_06_1",5,"medium_shrimp",1,17,3
"syk_06",1,1,27,10,20,NA,NA,NA,NA,8.464567,1.08766472604865,NA,NA,"grass shrimp","syk_06_1_1","syk_06_1",15,"medium_shrimp",1,17,3
"syk_06",1,1,27,20,30,NA,NA,NA,NA,5.314961,0.672482469152915,NA,NA,"grass shrimp","syk_06_1_1","syk_06_1",25,"medium_shrimp",1,17,3
"syk_06",1,1,27,30,40,NA,NA,NA,NA,5.183727,0.900010653969702,NA,NA,"grass shrimp","syk_06_1_1","syk_06_1",35,"medium_shrimp",1,17,3
"syk_06",1,1,27,40,50,NA,NA,NA,NA,5.577428,1.20878487245428,NA,NA,"grass shrimp","syk_06_1_1","syk_06_1",45,"medium_shrimp",1,17,3
"syk_06",1,1,27,50,60,NA,NA,NA,NA,4.92126,0.999725397796066,NA,NA,"grass shrimp","syk_06_1_1","syk_06_1",55,"medium_shrimp",1,17,3
"syk_06",1,1,27,60,70,2.614379,3.921569,5.228758,5.228758,3.871391,0.1,NA,NA,"grass shrimp","syk_06_1_1","syk_06_1",65,"medium_shrimp",1,17,2
"syk_06",1,1,27,70,80,3.921569,5.228758,5.228758,5.228758,3.674541,0.7,NA,NA,"grass shrimp","syk_06_1_1","syk_06_1",75,"medium_shrimp",1,17,2
"syk_06",1,1,27,80,90,5.228758,7.843137,5.228758,5.228758,3.412073,0.9,NA,NA,"grass shrimp","syk_06_1_1","syk_06_1",85,"medium_shrimp",1,17,2
"syk_06",1,1,27,90,100,7.843137,11.11111,5.228758,3.921568,3.149606,0.5,NA,NA,"grass shrimp","syk_06_1_1","syk_06_1",95,"medium_shrimp",1,17,2
"syk_06",1,1,27,100,110,11.11111,14.37908,3.921568,5.228758,2.821522,0.5,NA,NA,"grass shrimp","syk_06_1_1","syk_06_1",105,"medium_shrimp",1,17,2
"syk_06",1,1,27,110,120,14.37908,20.26144,5.228758,6.535948,3.543307,0.1,NA,NA,"grass shrimp","syk_06_1_1","syk_06_1",115,"medium_shrimp",1,17,2
"syk_06",1,1,27,120,130,20.26144,26.14379,6.535948,10.457516,2.559055,2.1,NA,NA,"grass shrimp","syk_06_1_1","syk_06_1",125,"medium_shrimp",1,17,2
"syk_06",1,1,27,130,140,26.14379,32.67974,10.457516,13.071896,2.165354,0.9,NA,NA,"grass shrimp","syk_06_1_1","syk_06_1",135,"medium_shrimp",1,17,2
"syk_06",1,1,27,140,150,32.67974,41.17647,13.071896,14.379084,2.362205,0.1,NA,NA,"grass shrimp","syk_06_1_1","syk_06_1",145,"medium_shrimp",1,17,2
"syk_06",1,1,27,150,160,41.17647,54.90196,14.379084,22.22222,2.887139,2.1,NA,NA,"grass shrimp","syk_06_1_1","syk_06_1",155,"medium_shrimp",1,17,2
"syk_06",1,1,27,160,170,54.90196,67.32026,22.22222,22.22222,1.968504,0.5,NA,NA,"grass shrimp","syk_06_1_1","syk_06_1",165,"medium_shrimp",1,17,2
"syk_06",1,1,27,170,180,67.32026,88.88889,22.22222,28.75816,2.755906,0.3,NA,NA,"grass shrimp","syk_06_1_1","syk_06_1",175,"medium_shrimp",1,17,2
"syk_06",1,1,27,180,190,88.88889,118.9542,28.75816,37.9085,2.952756,0.1,NA,NA,"grass shrimp","syk_06_1_1","syk_06_1",185,"medium_shrimp",1,17,2
"syk_06",1,1,27,190,200,118.9542,138.5621,37.9085,50.9804,1.574803,1.7,NA,NA,"grass shrimp","syk_06_1_1","syk_06_1",195,"medium_shrimp",1,17,2
"syk_06",1,1,27,200,210,138.5621,174.5098,50.9804,61.4379,2.362205,0.5,NA,NA,"grass shrimp","syk_06_1_1","syk_06_1",205,"medium_shrimp",1,17,2
"syk_06",1,1,27,210,220,NA,NA,NA,NA,1.377953,0.396948465505641,NA,NA,"grass shrimp","syk_06_1_1","syk_06_1",215,"medium_shrimp",1,17,3
"syk_06",3,3,35,0,8,NA,NA,NA,NA,2.207792,1.33714983645979,NA,NA,"grass shrimp","syk_06_3_3","syk_06_3",4,"medium_shrimp",1,15,3
"syk_06",3,3,35,8,15,NA,NA,NA,NA,2.467532,0.928896541319924,NA,NA,"grass shrimp","syk_06_3_3","syk_06_3",11.5,"medium_shrimp",1,15,3
"syk_06",3,3,35,15,22,NA,NA,NA,NA,2.792208,0.699711570812082,NA,NA,"grass shrimp","syk_06_3_3","syk_06_3",18.5,"medium_shrimp",1,15,3
"syk_06",3,3,35,22,29,NA,NA,NA,NA,3.246753,0.695358043773446,NA,NA,"grass shrimp","syk_06_3_3","syk_06_3",25.5,"medium_shrimp",1,15,3
"syk_06",3,3,35,29,36,NA,NA,NA,NA,2.857143,0.82152897937033,NA,NA,"grass shrimp","syk_06_3_3","syk_06_3",32.5,"medium_shrimp",1,15,3
"syk_06",3,3,35,36,42,NA,NA,NA,NA,1.688312,0.953574782122052,NA,NA,"grass shrimp","syk_06_3_3","syk_06_3",39,"medium_shrimp",1,15,3
"syk_06",3,3,35,42,57,NA,NA,NA,NA,1.623377,0.875509064631706,NA,NA,"grass shrimp","syk_06_3_3","syk_06_3",49.5,"medium_shrimp",1,15,3
"syk_06",3,3,35,57,71,NA,NA,NA,NA,1.363636,0.596207812466631,NA,NA,"grass shrimp","syk_06_3_3","syk_06_3",64,"medium_shrimp",1,15,3
"syk_06",3,3,35,71,78,NA,NA,NA,NA,2.922078,0.634054884304339,NA,NA,"grass shrimp","syk_06_3_3","syk_06_3",74.5,"medium_shrimp",1,15,3
"syk_06",3,3,35,78,85,NA,NA,NA,NA,2.727273,0.661393162361167,NA,NA,"grass shrimp","syk_06_3_3","syk_06_3",81.5,"medium_shrimp",1,15,3
"syk_06",3,3,35,85,92,NA,NA,NA,NA,2.207792,0.761702704232006,NA,NA,"grass shrimp","syk_06_3_3","syk_06_3",88.5,"medium_shrimp",1,15,3
"syk_06",3,3,35,92,99,NA,NA,NA,NA,4.675325,1.20497495845629,NA,NA,"grass shrimp","syk_06_3_3","syk_06_3",95.5,"medium_shrimp",1,15,3
"syk_06",3,3,35,99,114,NA,NA,NA,NA,1.363636,0.991049826171973,NA,NA,"grass shrimp","syk_06_3_3","syk_06_3",106.5,"medium_shrimp",1,15,3
"syk_06",3,3,35,114,128,NA,NA,NA,NA,3.896104,1.34738104969419,NA,NA,"grass shrimp","syk_06_3_3","syk_06_3",121,"medium_shrimp",1,15,3
"syk_06",3,3,35,128,142,NA,NA,NA,NA,5.584416,1.2680677870568,NA,NA,"grass shrimp","syk_06_3_3","syk_06_3",135,"medium_shrimp",1,15,3
"syk_06",3,3,35,142,156,NA,NA,NA,NA,3.506494,0.788588379451412,NA,NA,"grass shrimp","syk_06_3_3","syk_06_3",149,"medium_shrimp",1,15,3
"syk_06",3,3,35,156,170,5.844156,14.93506,6.493506,5.194806,6.038961,1.3,NA,NA,"grass shrimp","syk_06_3_3","syk_06_3",163,"medium_shrimp",1,15,2
"syk_06",3,3,35,170,184,14.93506,22.72727,5.194806,10.38961,3.246753,1.9,NA,NA,"grass shrimp","syk_06_3_3","syk_06_3",177,"medium_shrimp",1,15,2
"syk_06",3,3,35,184,198,22.72727,45.45455,10.38961,19.48052,4.87013,0.3,NA,NA,"grass shrimp","syk_06_3_3","syk_06_3",191,"medium_shrimp",1,15,2
"syk_06",3,3,35,198,212,45.45455,66.23377,19.48052,23.37662,2.792208,0.1,NA,NA,"grass shrimp","syk_06_3_3","syk_06_3",205,"medium_shrimp",1,15,2
"syk_06",4,4,50,0,15,NA,NA,NA,NA,9.921875,0.9020869280834,NA,NA,"grass shrimp","syk_06_4_4","syk_06_4",7.5,"medium_shrimp",1,21,3
"syk_06",4,4,50,15,29,NA,NA,NA,NA,10.78125,0.563147992460321,NA,NA,"grass shrimp","syk_06_4_4","syk_06_4",22,"medium_shrimp",1,21,3
"syk_06",4,4,50,29,46,NA,NA,NA,NA,8.90625,0.648435867355648,NA,NA,"grass shrimp","syk_06_4_4","syk_06_4",37.5,"medium_shrimp",1,21,3
"syk_06",4,4,50,46,60,5.194805,12.33766,5.194806,5.194806,5.234375,1.1,NA,NA,"grass shrimp","syk_06_4_4","syk_06_4",53,"medium_shrimp",1,21,2
"syk_06",4,4,50,60,74,12.33766,21.42857,5.194806,9.09091,4.21875,1.1,NA,NA,"grass shrimp","syk_06_4_4","syk_06_4",67,"medium_shrimp",1,21,2
"syk_06",4,4,50,74,88,21.42857,34.41558,9.09091,15.584416,3.59375,1.1,NA,NA,"grass shrimp","syk_06_4_4","syk_06_4",81,"medium_shrimp",1,21,2
"syk_06",4,4,50,88,102,34.41558,52.5974,15.584416,23.37662,3.4375,1.1,NA,NA,"grass shrimp","syk_06_4_4","syk_06_4",95,"medium_shrimp",1,21,2
"syk_06",4,4,50,102,116,52.5974,72.07792,23.37662,23.37662,2.421875,0.1,NA,NA,"grass shrimp","syk_06_4_4","syk_06_4",109,"medium_shrimp",1,21,2
"syk_13",1,1,50,0,5,NA,NA,NA,NA,6.795181,0.759036,NA,NA,"grass shrimp","syk_13_1_1","syk_13_1",2.5,"medium_shrimp",1,24,1
"syk_13",1,1,50,5,10,NA,NA,NA,NA,12.93976,1.26506,NA,NA,"grass shrimp","syk_13_1_1","syk_13_1",7.5,"medium_shrimp",1,24,1
"syk_13",1,1,50,10,15,NA,NA,NA,NA,10.62651,2.530119,NA,NA,"grass shrimp","syk_13_1_1","syk_13_1",12.5,"medium_shrimp",1,24,1
"syk_13",1,1,50,15,20,NA,NA,NA,NA,12.46988,2.49398,NA,NA,"grass shrimp","syk_13_1_1","syk_13_1",17.5,"medium_shrimp",1,24,1
"syk_13",1,1,50,20,25,NA,NA,NA,NA,9.253012,0.542168999999999,NA,NA,"grass shrimp","syk_13_1_1","syk_13_1",22.5,"medium_shrimp",1,24,1
"syk_13",1,1,50,25,30,NA,NA,NA,NA,9,1.26506,NA,NA,"grass shrimp","syk_13_1_1","syk_13_1",27.5,"medium_shrimp",1,24,1
"syk_13",1,1,50,30,35,NA,NA,NA,NA,4.662651,0.578313,NA,NA,"grass shrimp","syk_13_1_1","syk_13_1",32.5,"medium_shrimp",1,24,1
"syk_13",1,1,50,35,40,NA,NA,NA,NA,6.795181,0.86747,NA,NA,"grass shrimp","syk_13_1_1","syk_13_1",37.5,"medium_shrimp",1,24,1
"syk_13",1,1,50,40,45,NA,NA,NA,NA,6.686747,0.650603,NA,NA,"grass shrimp","syk_13_1_1","syk_13_1",42.5,"medium_shrimp",1,24,1
"syk_13",1,1,50,45,50,NA,NA,NA,NA,6.361446,0.722892000000001,NA,NA,"grass shrimp","syk_13_1_1","syk_13_1",47.5,"medium_shrimp",1,24,1
